Case,Symbol,K_swing,N_bos,LookbackInternal,M_retest,EqTol,BOSBufferPoints,UseKillzones,UseRoundNumber,UseVSA,RNDelta,L_percentile,RiskPerTradePct,SL_BufferUSD,TP1_R,TP2_R,BE_Activate_R,PartialClosePct,TimeStopMinutes,MinProgressR,MaxSpreadUSD,MaxOpenPositions,UsePendingRetest,RetestOffsetUSD,PendingExpirySec,UseTrailing,TrailMode,TrailATRPeriod,TrailATRMult,TrailStepUSD,TrailStartRR,UsePyramid,MaxAdds,AddSpacingUSD,AddSizeFactor,CooldownSec
1058,EURUSD,50,5,12,3,0.00014,0.5,True,True,False,0.00028,130,0.45,0.0077,1.5,3.0,0.8,35,120,0.8,0.0005,3,False,0.0,0,False,0,0,0.0,0.0,0.0,False,0,0.0,0.0,0
1106,EURUSD,50,5,12,3,0.00014,0.5,True,True,False,0.00028,130,0.8,0.0077,2.2,4.0,1.0,25,180,1.0,0.0005,2,False,0.0,0,False,0,0,0.0,0.0,0.0,False,0,0.0,0.0,0
1034,EURUSD,50,5,12,3,0.00014,0.5,True,True,False,0.00028,130,0.35,0.0077,1.2,2.5,0.7,40,90,0.7,0.0005,3,False,0.0,0,False,0,0,0.0,0.0,0.0,False,0,0.0,0.0,0
1082,EURUSD,50,5,12,3,0.00014,0.5,True,True,False,0.00028,130,0.6,0.0077,1.8,3.5,0.9,30,150,0.9,0.0005,2,False,0.0,0,False,0,0,0.0,0.0,0.0,False,0,0.0,0.0,0
1342,EURUSD,70,7,16,4,0.00014,0.5,True,False,False,0.00028,120,0.8,0.0077,2.2,4.0,1.0,25,180,1.0,0.0005,2,True,0.00035714,3600,False,0,0,0.0,0.0,0.0,False,0,0.0,0.0,0
1010,EURUSD,50,5,12,3,0.00014,0.5,True,True,False,0.00028,130,0.25,0.0077,0.9,2.2,0.6,45,60,0.6,0.0005,4,False,0.0,0,False,0,0,0.0,0.0,0.0,False,0,0.0,0.0,0
1341,EURUSD,60,6,14,3,0.00014,0.5,True,False,False,0.00028,120,0.8,0.0077,2.2,4.0,1.0,25,180,1.0,0.0005,2,True,0.00035714,3600,False,0,0,0.0,0.0,0.0,False,0,0.0,0.0,0
1222,EURUSD,70,7,16,4,0.00014,0.5,True,False,False,0.00028,120,0.8,0.0077,2.2,4.0,1.0,25,180,1.0,0.0005,2,True,0.00028571,2400,False,0,0,0.0,0.0,0.0,False,0,0.0,0.0,0
1221,EURUSD,60,6,14,3,0.00014,0.5,True,False,False,0.00028,120,0.8,0.0077,2.2,4.0,1.0,25,180,1.0,0.0005,2,True,0.00028571,2400,False,0,0,0.0,0.0,0.0,False,0,0.0,0.0,0
1359,GBPUSD,45,5,10,2,0.00016,0.5,True,True,False,0.00064,120,0.3,0.0088,1.0,2.4,0.6,45,60,0.6,0.0008,3,False,0.0,0,False,0,0,0.0,0.0,0.0,False,0,0.0,0.0,0
1407,GBPUSD,45,5,10,2,0.00016,0.5,True,True,False,0.00064,120,0.6,0.0088,1.6,3.2,0.8,35,120,0.8,0.0008,2,False,0.0,0,False,0,0,0.0,0.0,0.0,False,0,0.0,0.0,0
1479,GBPUSD,45,5,10,2,0.00016,0.5,True,True,False,0.00064,120,0.3,0.0088,1.0,2.4,0.6,45,60,0.6,0.0008,3,True,0.00034286,2400,False,0,0,0.0,0.0,0.0,False,0,0.0,0.0,0
1599,GBPUSD,45,5,10,2,0.00016,0.5,True,True,False,0.00064,120,0.3,0.0088,1.0,2.4,0.6,45,60,0.6,0.0008,3,True,0.00042857,3600,False,0,0,0.0,0.0,0.0,False,0,0.0,0.0,0
1503,GBPUSD,45,5,10,2,0.00016,0.5,True,True,False,0.00064,120,0.45,0.0088,1.3,2.8,0.7,40,90,0.7,0.0008,3,True,0.00034286,2400,False,0,0,0.0,0.0,0.0,False,0,0.0,0.0,0
1431,GBPUSD,45,5,10,2,0.00016,0.5,True,True,False,0.00064,120,0.75,0.0088,2.0,3.8,0.9,30,150,0.9,0.0008,2,False,0.0,0,False,0,0,0.0,0.0,0.0,False,0,0.0,0.0,0
1385,GBPUSD,65,7,14,4,0.00016,0.5,True,True,False,0.00064,120,0.45,0.0088,1.3,2.8,0.7,40,90,0.7,0.0008,3,False,0.0,0,False,0,0,0.0,0.0,0.0,False,0,0.0,0.0,0
1623,GBPUSD,45,5,10,2,0.00016,0.5,True,True,False,0.00064,120,0.45,0.0088,1.3,2.8,0.7,40,90,0.7,0.0008,3,True,0.00042857,3600,False,0,0,0.0,0.0,0.0,False,0,0.0,0.0,0
1384,GBPUSD,55,6,12,3,0.00016,0.5,True,True,False,0.00064,120,0.45,0.0088,1.3,2.8,0.7,40,90,0.7,0.0008,3,False,0.0,0,False,0,0,0.0,0.0,0.0,False,0,0.0,0.0,0
1912,USDJPY,35,4,8,2,0.014,0.5,False,False,False,0.028,120,0.6,0.055,1.8,3.5,0.9,30,150,0.9,0.05,2,True,0.00571429,2400,False,0,0,0.0,0.0,0.0,False,0,0.0,0.0,0
1759,USDJPY,65,7,14,3,0.014,0.5,True,True,False,0.028,140,0.45,0.055,1.4,3.0,0.8,35,120,0.8,0.05,3,False,0.0,0,False,0,0,0.0,0.0,0.0,False,0,0.0,0.0,0
1783,USDJPY,65,7,14,3,0.014,0.5,True,True,False,0.028,140,0.6,0.055,1.8,3.5,0.9,30,150,0.9,0.05,2,False,0.0,0,False,0,0,0.0,0.0,0.0,False,0,0.0,0.0,0
1879,USDJPY,65,7,14,3,0.014,0.5,True,True,False,0.028,140,0.45,0.055,1.4,3.0,0.8,35,120,0.8,0.05,3,True,0.00571429,2400,False,0,0,0.0,0.0,0.0,False,0,0.0,0.0,0
1999,USDJPY,65,7,14,3,0.014,0.5,True,True,False,0.028,140,0.45,0.055,1.4,3.0,0.8,35,120,0.8,0.05,3,True,0.00714286,3600,False,0,0,0.0,0.0,0.0,False,0,0.0,0.0,0
1807,USDJPY,65,7,14,3,0.014,0.5,True,True,False,0.028,140,0.8,0.055,2.2,4.2,1.0,25,180,1.0,0.05,2,False,0.0,0,False,0,0,0.0,0.0,0.0,False,0,0.0,0.0,0
11805,XAUUSD,50,3,12,1,0.12,267000.0,False,True,False,0.45999999999999996,150,0.3,0.8,2.5,5.0,1.2,30,15,0.8,0.0,2,False,0.27,60,False,0,14,1.4,0.5,1.0,True,1,-0.1,0.7,30
273,XAUUSD,65,7,18,4,0.16,1.0,True,True,False,0.28,140,0.4,0.55,1.2,2.4,0.7,35,60,0.6,0.5,3,True,0.04,2400,False,0,0,0.0,0.0,0.0,False,0,0.0,0.0,0
300,XAUUSD,65,7,18,4,0.16,1.0,True,False,False,0.28,160,0.4,0.55,1.2,2.4,0.7,35,60,0.6,0.5,3,True,0.04,2400,False,0,0,0.0,0.0,0.0,False,0,0.0,0.0,0
235,XAUUSD,55,6,14,3,0.16,1.0,True,True,False,0.28,140,0.3,0.55,0.9,2.0,0.6,40,45,0.5,0.5,3,True,0.04,2400,False,0,0,0.0,0.0,0.0,False,0,0.0,0.0,0
262,XAUUSD,55,6,14,3,0.16,1.0,True,False,False,0.28,160,0.3,0.55,0.9,2.0,0.6,40,45,0.5,0.5,3,True,0.04,2400,False,0,0,0.0,0.0,0.0,False,0,0.0,0.0,0
275,XAUUSD,80,9,22,6,0.16,1.0,True,True,False,0.28,140,0.4,0.55,1.2,2.4,0.7,35,60,0.6,0.5,3,True,0.04,2400,False,0,0,0.0,0.0,0.0,False,0,0.0,0.0,0
274,XAUUSD,70,8,20,5,0.16,1.0,True,True,False,0.28,140,0.4,0.55,1.2,2.4,0.7,35,60,0.6,0.5,3,True,0.04,2400,False,0,0,0.0,0.0,0.0,False,0,0.0,0.0,0
254,XAUUSD,60,7,16,4,0.16,1.0,False,True,False,0.28,130,0.3,0.55,0.9,2.0,0.6,40,45,0.5,0.5,3,True,0.04,2400,False,0,0,0.0,0.0,0.0,False,0,0.0,0.0,0
12843,XAUUSD,45,3,12,2,0.16000000000000003,204000.0,False,False,False,0.47000000000000003,150,0.3,0.97,1.0,2.0,1.0,30,0,0.8,0.0,2,False,0.27,60,True,1,14,1.4,0.5,1.0,False,0,0.0,0.6,30
290,XAUUSD,60,7,16,4,0.16,1.0,False,True,False,0.28,130,0.4,0.55,1.2,2.4,0.7,35,60,0.6,0.5,3,True,0.04,2400,False,0,0,0.0,0.0,0.0,False,0,0.0,0.0,0
272,XAUUSD,60,7,16,4,0.16,1.0,True,True,False,0.28,140,0.4,0.55,1.2,2.4,0.7,35,60,0.6,0.5,3,True,0.04,2400,False,0,0,0.0,0.0,0.0,False,0,0.0,0.0,0
299,XAUUSD,60,7,16,4,0.16,1.0,True,False,False,0.28,160,0.4,0.55,1.2,2.4,0.7,35,60,0.6,0.5,3,True,0.04,2400,False,0,0,0.0,0.0,0.0,False,0,0.0,0.0,0
24,XAUUSD,55,5,12,3,0.22,2.5,True,True,False,0.4,150,0.5,0.6,1.0,2.0,0.8,50,5,0.5,0.6,1,False,0.07,60,False,0,14,2.0,0.3,1.0,False,0,0.4,0.6,0
2,XAUUSD,60,5,12,3,0.18,2.0,True,True,False,0.3,150,0.5,0.7,1.0,2.0,0.8,50,5,0.5,0.45,1,False,0.07,60,False,0,14,2.0,0.3,1.0,False,0,0.4,0.6,0
3,XAUUSD,60,5,12,3,0.18,2.0,True,True,False,0.3,150,0.5,0.7,1.0,2.0,1.0,50,5,0.5,0.48,1,False,0.07,60,False,0,14,2.0,0.3,1.0,False,0,0.4,0.6,0
15,XAUUSD,55,5,12,3,0.18,2.5,True,True,False,0.3,150,0.5,0.65,1.0,2.0,0.8,50,5,0.5,0.55,1,False,0.07,60,False,0,14,2.0,0.3,1.0,False,0,0.4,0.6,0
16,XAUUSD,55,5,12,3,0.18,2.0,True,True,False,0.3,150,0.5,0.65,1.0,2.0,0.8,50,5,0.5,0.48,1,False,0.07,60,False,0,14,2.0,0.3,1.0,False,0,0.4,0.6,0
19,XAUUSD,55,5,12,3,0.18,2.0,True,True,False,0.3,150,0.5,0.65,1.0,2.0,1.0,40,5,0.5,0.55,1,False,0.07,60,False,0,14,2.0,0.3,1.0,False,0,0.4,0.6,0
17,XAUUSD,60,6,12,3,0.22,2.0,True,True,False,0.35,150,0.5,0.6,1.0,2.0,0.8,50,5,0.5,0.6,1,False,0.07,60,False,0,14,2.0,0.3,1.0,False,0,0.4,0.6,0
23,XAUUSD,60,6,12,3,0.22,2.0,True,True,False,0.37,150,0.5,0.6,1.0,2.0,0.8,50,5,0.5,0.6,1,False,0.07,60,False,0,14,2.0,0.3,1.0,False,0,0.4,0.6,0
20,XAUUSD,65,5,12,2,0.18,2.0,True,True,False,0.3,150,0.4,0.7,1.0,2.0,0.8,40,5,0.6,0.6,1,False,0.07,60,False,0,14,2.0,0.3,1.0,False,0,0.4,0.6,0
27,XAUUSD,50,6,12,3,0.2,2.0,True,True,False,0.35,150,0.5,0.5,1.0,2.0,0.6,50,5,0.5,0.5,1,False,0.07,60,True,1,14,1.5,0.3,0.8,False,0,0.4,0.6,0
28,XAUUSD,50,6,12,3,0.2,2.0,True,True,False,0.35,150,0.5,0.5,1.0,2.0,0.8,50,5,0.5,0.5,1,False,0.07,60,True,1,14,1.5,0.3,0.8,False,0,0.4,0.6,0
37,XAUUSD,50,6,12,3,0.2,2.0,True,True,False,0.35,150,0.5,0.5,1.0,2.0,0.8,50,5,0.5,0.5,1,False,0.07,60,True,1,14,1.5,0.3,0.8,False,0,0.4,0.6,0
22,XAUUSD,55,6,12,2,0.22,1.0,True,True,False,0.4,150,0.5,0.55,1.0,2.0,0.8,50,5,0.5,0.65,1,False,0.07,60,False,0,14,2.0,0.3,1.0,False,0,0.4,0.6,0
1,XAUUSD,50,6,12,3,0.2,2.0,True,True,False,0.28,150,0.5,0.6,1.0,2.0,0.8,50,5,0.5,0.55,1,False,0.07,60,False,0,14,2.0,0.3,1.0,False,0,0.4,0.6,0
4,XAUUSD,50,6,12,3,0.2,2.0,True,True,False,0.35,150,0.5,0.6,1.0,2.0,0.8,50,5,0.5,0.6,1,False,0.07,60,False,0,14,2.0,0.3,1.0,False,0,0.4,0.6,0
5,XAUUSD,50,6,12,3,0.2,2.0,True,True,False,0.25,150,0.5,0.6,1.0,2.0,0.8,50,5,0.5,0.55,1,False,0.07,60,False,0,14,2.0,0.3,1.0,False,0,0.4,0.6,0
6,XAUUSD,50,6,12,3,0.2,2.0,True,True,False,0.3,150,0.5,0.6,1.0,2.0,0.8,50,5,0.5,0.5,1,False,0.07,60,False,0,14,2.0,0.3,1.0,False,0,0.4,0.6,0
7,XAUUSD,50,6,12,2,0.2,2.0,True,True,False,0.3,150,0.5,0.6,1.0,2.0,0.8,50,5,0.5,0.6,1,False,0.07,60,False,0,14,2.0,0.3,1.0,False,0,0.4,0.6,0
8,XAUUSD,50,6,12,4,0.2,2.0,True,True,False,0.3,150,0.5,0.6,1.0,2.0,0.8,50,5,0.5,0.6,1,False,0.07,60,False,0,14,2.0,0.3,1.0,False,0,0.4,0.6,0
9,XAUUSD,50,6,12,3,0.22,1.0,True,True,False,0.4,150,0.5,0.6,1.0,2.0,0.8,50,5,0.5,0.6,1,False,0.07,60,False,0,14,2.0,0.3,1.0,False,0,0.4,0.6,0
10,XAUUSD,50,6,12,3,0.2,2.0,True,True,False,0.32,150,0.5,0.6,1.0,2.0,0.8,50,5,0.5,0.55,1,False,0.07,60,False,0,14,2.0,0.3,1.0,False,0,0.4,0.6,0
11,XAUUSD,50,6,12,3,0.2,2.0,True,True,False,0.3,150,0.5,0.6,1.0,2.0,1.0,50,5,0.5,0.55,1,False,0.07,60,False,0,14,2.0,0.3,1.0,False,0,0.4,0.6,0
12,XAUUSD,55,6,12,3,0.2,1.5,True,True,False,0.3,150,0.5,0.6,1.0,2.0,0.8,50,5,0.5,0.55,1,False,0.07,60,False,0,14,2.0,0.3,1.0,False,0,0.4,0.6,0
13,XAUUSD,50,6,12,3,0.2,2.0,True,True,False,0.28,150,0.5,0.6,1.0,2.0,0.8,50,5,0.5,0.55,1,False,0.07,60,False,0,14,2.0,0.3,1.0,False,0,0.4,0.6,0
30,XAUUSD,50,6,12,3,0.2,2.0,True,True,False,0.35,150,0.5,0.5,1.2,2.0,0.8,40,5,0.5,0.5,1,False,0.07,60,True,1,14,1.5,0.3,0.8,False,0,0.4,0.6,0
35,XAUUSD,50,6,12,3,0.2,2.0,True,True,False,0.35,150,0.5,0.5,1.2,2.0,0.8,40,5,0.5,0.4,1,False,0.07,60,True,1,14,1.6,0.3,0.8,False,0,0.0,0.0,120
14,XAUUSD,50,6,12,3,0.18,2.0,True,True,False,0.3,150,0.5,0.65,1.0,2.0,0.8,50,5,0.5,0.55,1,False,0.07,60,False,0,14,2.0,0.3,1.0,False,0,0.4,0.6,0
26,XAUUSD,55,6,12,3,0.22,1.5,True,True,False,0.37,150,0.5,0.55,1.0,2.0,0.8,50,5,0.5,0.6,1,False,0.07,60,False,0,14,2.0,0.3,1.0,False,0,0.4,0.6,0
21,XAUUSD,50,6,12,3,0.22,1.0,True,True,False,0.4,150,0.5,0.55,1.0,2.0,0.8,50,5,0.5,0.65,1,False,0.07,60,False,0,14,2.0,0.3,1.0,False,0,0.4,0.6,0
25,XAUUSD,50,6,12,3,0.22,1.0,True,True,False,0.4,150,0.5,0.55,1.0,2.0,0.8,50,5,0.5,0.5,1,False,0.07,60,False,0,14,2.0,0.3,1.0,False,0,0.4,0.6,0
38,XAUUSD,50,6,12,3,0.2,2.0,True,True,False,0.35,150,0.5,0.5,1.0,2.0,0.8,50,5,0.5,0.5,1,False,0.07,60,True,1,14,2.0,0.3,1.0,False,0,0.4,0.6,0
39,XAUUSD,50,6,12,3,0.2,2.0,True,True,False,0.35,150,0.5,0.5,1.0,2.0,0.8,50,5,0.5,0.5,1,False,0.07,60,True,1,21,1.8,0.3,1.0,False,0,0.4,0.6,0
34,XAUUSD,50,6,12,3,0.2,2.0,True,True,False,0.35,150,0.5,0.5,1.5,2.0,0.8,30,5,0.5,0.4,1,False,0.07,60,True,1,14,1.5,0.3,0.8,False,0,0.0,0.0,120
31,XAUUSD,50,6,12,3,0.2,2.0,True,True,False,0.35,150,0.5,0.5,1.2,2.0,0.8,40,5,0.5,0.5,1,False,0.07,60,True,2,14,2.0,0.3,1.0,False,0,0.4,0.6,0
18,XAUUSD,50,6,12,3,0.2,2.0,True,True,False,0.3,150,0.5,0.6,1.0,2.0,0.8,50,4,0.6,0.55,1,False,0.07,60,False,0,14,2.0,0.3,1.0,False,0,0.4,0.6,0
29,XAUUSD,50,6,12,3,0.2,2.0,True,True,False,0.35,150,0.5,0.5,1.0,2.0,0.8,50,5,0.5,0.5,1,False,0.07,60,True,2,14,2.0,0.25,0.8,False,0,0.4,0.6,0
12243,XAUUSD,70,6,12,5,0.11000000000000001,259000.0,False,True,False,0.45,150,0.7,2.02,2.0,4.0,1.0,30,15,0.8,0.0,3,False,0.35000000000000003,60,False,0,14,1.4,0.5,1.0,True,2,-0.1,0.7,30
33,XAUUSD,50,6,12,3,0.2,2.0,True,True,False,0.35,150,0.5,0.5,1.4,2.0,1.0,30,5,0.5,0.4,1,False,0.07,60,True,1,21,2.2,0.3,1.2,False,0,0.0,0.0,120
32,XAUUSD,50,6,12,3,0.2,2.0,True,True,False,0.35,150,0.5,0.5,9.9,2.0,1.0,0,5,0.5,0.4,1,False,0.07,60,True,1,14,1.5,0.3,0.8,False,0,0.0,0.0,120
72,XAUUSD,50,6,12,3,0.16,1.0,False,True,False,0.28,130,0.3,0.55,0.9,2.0,0.6,40,45,0.5,0.5,3,False,0.0,0,False,0,0,0.0,0.0,0.0,False,0,0.0,0.0,0
74,XAUUSD,60,7,16,4,0.16,1.0,False,True,False,0.28,130,0.3,0.55,0.9,2.0,0.6,40,45,0.5,0.5,3,False,0.0,0,False,0,0,0.0,0.0,0.0,False,0,0.0,0.0,0
251,XAUUSD,45,5,11,2,0.16,1.0,False,True,False,0.28,130,0.3,0.55,0.9,2.0,0.6,40,45,0.5,0.5,3,True,0.04,2400,False,0,0,0.0,0.0,0.0,False,0,0.0,0.0,0
73,XAUUSD,55,6,14,3,0.16,1.0,False,True,False,0.28,130,0.3,0.55,0.9,2.0,0.6,40,45,0.5,0.5,3,False,0.0,0,False,0,0,0.0,0.0,0.0,False,0,0.0,0.0,0
109,XAUUSD,55,6,14,3,0.16,1.0,False,True,False,0.28,130,0.4,0.55,1.2,2.4,0.7,35,60,0.6,0.5,3,False,0.0,0,False,0,0,0.0,0.0,0.0,False,0,0.0,0.0,0
287,XAUUSD,45,5,11,2,0.16,1.0,False,True,False,0.28,130,0.4,0.55,1.2,2.4,0.7,35,60,0.6,0.5,3,True,0.04,2400,False,0,0,0.0,0.0,0.0,False,0,0.0,0.0,0
110,XAUUSD,60,7,16,4,0.16,1.0,False,True,False,0.28,130,0.4,0.55,1.2,2.4,0.7,35,60,0.6,0.5,3,False,0.0,0,False,0,0,0.0,0.0,0.0,False,0,0.0,0.0,0
13071,XAUUSD,60,3,12,4,0.4,180000.0,False,True,False,0.27,150,0.3,1.85,3.0,6.0,1.2,40,0,0.8,0.0,2,False,0.2,60,True,2,14,1.4,0.5,1.0,True,2,0.0,0.6,30
145,XAUUSD,55,6,14,3,0.16,1.0,False,True,False,0.28,130,0.5,0.55,1.5,3.0,0.8,30,90,0.7,0.5,2,False,0.0,0,False,0,0,0.0,0.0,0.0,False,0,0.0,0.0,0
108,XAUUSD,50,6,12,3,0.16,1.0,False,True,False,0.28,130,0.4,0.55,1.2,2.4,0.7,35,60,0.6,0.5,3,False,0.0,0,False,0,0,0.0,0.0,0.0,False,0,0.0,0.0,0
143,XAUUSD,45,5,11,2,0.16,1.0,False,True,False,0.28,130,0.5,0.55,1.5,3.0,0.8,30,90,0.7,0.5,2,False,0.0,0,False,0,0,0.0,0.0,0.0,False,0,0.0,0.0,0
236,XAUUSD,60,7,16,4,0.16,1.0,True,True,False,0.28,140,0.3,0.55,0.9,2.0,0.6,40,45,0.5,0.5,3,True,0.04,2400,False,0,0,0.0,0.0,0.0,False,0,0.0,0.0,0
263,XAUUSD,60,7,16,4,0.16,1.0,True,False,False,0.28,160,0.3,0.55,0.9,2.0,0.6,40,45,0.5,0.5,3,True,0.04,2400,False,0,0,0.0,0.0,0.0,False,0,0.0,0.0,0
43,XAUUSD,50,6,12,3,0.2,2.0,True,True,False,0.35,150,0.5,0.5,1.2,2.0,0.8,40,5,0.5,0.5,4,False,0.07,60,True,2,14,2.0,0.3,0.8,True,3,0.4,0.5,30
11619,XAUUSD,80,3,12,2,0.29,319000.0,False,False,False,0.4,150,0.2,0.9400000000000001,1.0,2.0,1.0,40,10,0.8,0.0,1,False,0.5,60,False,0,14,1.4,0.5,1.0,True,2,-0.1,0.5,30
71,XAUUSD,45,5,11,2,0.16,1.0,False,True,False,0.28,130,0.3,0.55,0.9,2.0,0.6,40,45,0.5,0.5,3,False,0.0,0,False,0,0,0.0,0.0,0.0,False,0,0.0,0.0,0
45,XAUUSD,50,6,12,3,0.2,2.0,True,True,False,0.35,150,0.5,0.5,9.9,2.0,0.8,0,5,0.5,0.5,3,False,0.07,60,True,2,14,2.0,0.3,0.8,True,2,0.35,0.5,30
144,XAUUSD,50,6,12,3,0.16,1.0,False,True,False,0.28,130,0.5,0.55,1.5,3.0,0.8,30,90,0.7,0.5,2,False,0.0,0,False,0,0,0.0,0.0,0.0,False,0,0.0,0.0,0
107,XAUUSD,45,5,11,2,0.16,1.0,False,True,False,0.28,130,0.4,0.55,1.2,2.4,0.7,35,60,0.6,0.5,3,False,0.0,0,False,0,0,0.0,0.0,0.0,False,0,0.0,0.0,0
146,XAUUSD,60,7,16,4,0.16,1.0,False,True,False,0.28,130,0.5,0.55,1.5,3.0,0.8,30,90,0.7,0.5,2,False,0.0,0,False,0,0,0.0,0.0,0.0,False,0,0.0,0.0,0
181,XAUUSD,55,6,14,3,0.16,1.0,False,True,False,0.28,130,0.6,0.55,1.8,3.6,0.9,25,120,0.8,0.5,2,False,0.0,0,False,0,0,0.0,0.0,0.0,False,0,0.0,0.0,0
12597,XAUUSD,45,3,12,2,0.22000000000000003,152000.0,False,True,False,0.31000000000000005,150,0.7,1.17,2.0,4.0,0.8,40,0,0.8,0.0,3,False,0.31000000000000005,60,True,1,14,1.4,0.5,1.0,True,1,0.0,0.6,30
179,XAUUSD,45,5,11,2,0.16,1.0,False,True,False,0.28,130,0.6,0.55,1.8,3.6,0.9,25,120,0.8,0.5,2,False,0.0,0,False,0,0,0.0,0.0,0.0,False,0,0.0,0.0,0
253,XAUUSD,55,6,14,3,0.16,1.0,False,True,False,0.28,130,0.3,0.55,0.9,2.0,0.6,40,45,0.5,0.5,3,True,0.04,2400,False,0,0,0.0,0.0,0.0,False,0,0.0,0.0,0
250,XAUUSD,40,5,10,2,0.16,1.0,False,True,False,0.28,130,0.3,0.55,0.9,2.0,0.6,40,45,0.5,0.5,3,True,0.04,2400,False,0,0,0.0,0.0,0.0,False,0,0.0,0.0,0
48,XAUUSD,50,6,12,3,0.2,2.0,True,True,False,0.35,150,0.5,0.5,1.2,2.0,0.8,30,5,0.5,0.5,4,False,0.07,60,True,2,14,2.0,0.22,0.8,True,2,0.32,0.6,30
47,XAUUSD,50,6,12,3,0.2,2.0,True,True,False,0.35,150,0.5,0.5,1.0,2.0,0.8,40,5,0.5,0.5,3,False,0.07,60,True,2,14,2.0,0.25,0.8,True,2,0.3,0.6,30
49,XAUUSD,50,6,12,3,0.2,2.0,True,True,False,0.35,150,0.5,0.5,1.2,2.0,0.8,55,5,0.5,0.5,4,False,0.07,60,True,2,14,2.0,0.22,0.8,True,2,0.42,0.6,30
50,XAUUSD,50,6,12,3,0.2,2.0,True,True,False,0.35,150,0.5,0.5,1.2,2.0,0.8,55,5,0.5,0.5,4,False,0.07,60,True,2,14,2.0,0.28,0.8,True,2,0.38,0.6,30
51,XAUUSD,50,6,12,3,0.2,2.0,True,True,False,0.35,150,0.5,0.5,1.2,2.0,0.8,30,5,0.5,0.5,4,False,0.07,60,True,2,14,2.0,0.33,0.8,True,2,0.38,0.6,30
36,XAUUSD,50,6,12,3,0.2,2.0,True,True,False,0.35,150,0.5,0.5,1.2,2.0,0.8,40,5,0.5,0.5,3,False,0.07,60,True,2,14,2.0,0.3,0.8,True,2,0.35,0.6,30
182,XAUUSD,60,7,16,4,0.16,1.0,False,True,False,0.28,130,0.6,0.55,1.8,3.6,0.9,25,120,0.8,0.5,2,False,0.0,0,False,0,0,0.0,0.0,0.0,False,0,0.0,0.0,0
41,XAUUSD,50,6,12,3,0.2,2.0,True,True,False,0.35,150,0.5,0.5,1.2,2.0,0.8,50,5,0.5,0.5,3,False,0.07,60,True,2,14,2.0,0.35,0.8,True,2,0.45,0.6,30
42,XAUUSD,50,6,12,3,0.2,2.0,True,True,False,0.35,150,0.5,0.5,1.2,2.0,0.8,30,5,0.5,0.4,3,False,0.07,60,True,2,14,2.0,0.3,0.8,True,3,0.4,0.6,30
44,XAUUSD,50,6,12,3,0.2,2.0,True,True,False,0.35,150,0.5,0.5,1.2,2.0,0.8,30,5,0.5,0.5,4,False,0.07,60,True,2,14,2.0,0.35,1.0,True,2,0.45,0.6,30
203,XAUUSD,80,9,22,6,0.16,1.0,True,True,False,0.28,140,0.8,0.55,2.2,4.0,1.0,20,150,0.9,0.5,1,False,0.0,0,False,0,0,0.0,0.0,0.0,False,0,0.0,0.0,0
230,XAUUSD,80,9,22,6,0.16,1.0,True,False,False,0.28,160,0.8,0.55,2.2,4.0,1.0,20,150,0.9,0.5,1,False,0.0,0,False,0,0,0.0,0.0,0.0,False,0,0.0,0.0,0
289,XAUUSD,55,6,14,3,0.16,1.0,False,True,False,0.28,130,0.4,0.55,1.2,2.4,0.7,35,60,0.6,0.5,3,True,0.04,2400,False,0,0,0.0,0.0,0.0,False,0,0.0,0.0,0
225,XAUUSD,50,6,12,3,0.16,1.0,True,False,False,0.28,160,0.8,0.55,2.2,4.0,1.0,20,150,0.9,0.5,1,False,0.0,0,False,0,0,0.0,0.0,0.0,False,0,0.0,0.0,0
198,XAUUSD,50,6,12,3,0.16,1.0,True,True,False,0.28,140,0.8,0.55,2.2,4.0,1.0,20,150,0.9,0.5,1,False,0.0,0,False,0,0,0.0,0.0,0.0,False,0,0.0,0.0,0
286,XAUUSD,40,5,10,2,0.16,1.0,False,True,False,0.28,130,0.4,0.55,1.2,2.4,0.7,35,60,0.6,0.5,3,True,0.04,2400,False,0,0,0.0,0.0,0.0,False,0,0.0,0.0,0
11823,XAUUSD,70,7,12,2,0.12,126000.0,False,True,False,0.27999999999999997,150,0.3,2.22,1.2,2.0,1.0,50,15,0.8,0.0,2,False,0.33,60,False,0,14,1.4,0.5,1.0,True,2,-0.1,0.7,30
40,XAUUSD,50,6,12,3,0.2,2.0,True,True,False,0.35,150,0.5,0.5,1.0,2.0,1.0,30,5,0.5,0.5,3,False,0.07,60,True,2,14,2.0,0.25,0.8,True,2,0.3,0.6,0
11295,XAUUSD,45,5,12,4,0.63,224000.0,False,True,False,0.35000000000000003,150,0.2,1.52,2.5,5.0,1.2,50,0,0.8,0.0,1,False,0.37000000000000005,60,True,1,14,1.4,0.5,1.0,False,0,0.0,0.6,30
12147,XAUUSD,50,4,12,5,0.11000000000000001,99000.0,False,True,False,0.45999999999999996,150,1.0,1.47,3.0,6.0,0.8,50,0,0.8,0.0,3,False,0.29,60,True,1,14,1.4,0.5,1.0,True,2,0.0,0.7,30
13173,XAUUSD,40,3,12,4,0.65,73000.0,True,True,False,0.26,150,1.0,1.69,2.0,4.0,1.0,40,10,0.8,0.0,2,False,0.26,60,True,1,14,1.4,0.5,1.0,True,2,-0.1,0.6,30
13785,XAUUSD,35,8,12,5,0.13999999999999999,326000.0,True,True,False,0.63,150,0.2,0.87,1.5,3.0,1.0,50,5,0.8,0.0,3,False,0.26,60,True,1,14,1.4,0.5,1.0,True,1,0.0,0.5,30
13161,XAUUSD,100,3,12,2,0.49000000000000005,273000.0,True,True,False,0.37000000000000005,150,1.0,1.77,1.5,3.0,1.0,30,0,0.8,0.0,1,False,0.29,60,False,0,14,1.4,0.5,1.0,False,0,0.0,0.6,30
13665,XAUUSD,50,4,12,3,0.58,187000.0,False,True,False,0.45999999999999996,150,0.3,1.47,1.2,2.0,1.2,40,10,0.8,0.0,1,False,0.49000000000000005,60,False,0,14,1.4,0.5,1.0,False,0,0.0,0.6,30
12129,XAUUSD,80,4,12,3,0.19,322000.0,False,True,False,0.4,150,1.0,1.25,2.0,4.0,1.2,30,0,0.8,0.0,3,False,0.31000000000000005,60,True,1,14,1.4,0.5,1.0,True,1,-0.1,0.5,30
11913,XAUUSD,80,7,12,5,0.5700000000000001,311000.0,False,True,False,0.61,150,0.7,0.9400000000000001,1.0,2.0,1.2,40,0,0.8,0.0,3,False,0.36000000000000004,60,False,0,14,1.4,0.5,1.0,True,2,0.0,0.5,30
11055,XAUUSD,60,4,12,5,0.63,165000.0,False,True,False,0.30000000000000004,150,0.5,1.7300000000000002,2.0,4.0,0.8,40,0,0.8,0.0,2,False,0.38,60,False,0,14,1.4,0.5,1.0,False,0,0.0,0.6,30
12291,XAUUSD,70,4,12,4,0.13,161000.0,False,False,False,0.58,150,0.3,1.07,3.0,6.0,1.2,50,10,0.8,0.0,1,False,0.35000000000000003,60,True,1,14,1.4,0.5,1.0,False,0,0.0,0.6,30
13053,XAUUSD,45,4,12,2,0.41,284000.0,False,True,False,0.42000000000000004,150,0.7,0.81,3.0,6.0,1.2,50,10,0.8,0.0,1,False,0.35000000000000003,60,False,0,14,1.4,0.5,1.0,True,1,0.0,0.6,30
